resource_id,record_status,category_number,category,resource_name,organization,direct_resource_link,link_description,api_or_download_link,api_documentation_link,data_provided,historical_coverage,update_frequency,access_format,authentication_requirements,pricing,cloudflare_status,verification_method,automation_suitability,historical_vintage_availability,look_ahead_bias_suitability,main_limitation,best_free_use_case,machine_readable,exclusion_reason,verified_date
1a,Included,1,Federal Reserve policy-rate history,FRED policy-rate bundle,Federal Reserve Bank of St. Louis,https://fred.stlouisfed.org/series/DFEDTAR,Federal Funds Target Rate (discontinued 2008),"https://fred.stlouisfed.org/graph/fredgraph.csv?id=DFEDTAR,DFEDTARL,DFEDTARU,DFF,IORB,DPCREDIT,SRFTSYD,RRPONTSYAWARD",https://fred.stlouisfed.org/docs/api/fred/,"Target rate/range, EFFR, reserve remuneration, discount rate, SRF and ON RRP rate",Target 1982-2008; range 2008-present; EFFR 1954-present; discount history 1914-present; IOR 2008-present; SRF 2021-present; ON RRP 2013-present,Daily and event-driven,"CSV, JSON, XML, XLSX",CSV no login; API requires free key,Free,No,Direct,High,ALFRED vintages for eligible series,High when ALFRED vintages are used,Series start on different dates and predecessor series must be stitched,Policy-rate history; Macroeconomic indicators,Yes,,2026-08-03
1b,Included,1,Federal Reserve policy-rate history,FRED policy-rate bundle,Federal Reserve Bank of St. Louis,https://fred.stlouisfed.org/series/DFEDTARL,Federal Funds Target Range - Lower Limit,"https://fred.stlouisfed.org/graph/fredgraph.csv?id=DFEDTAR,DFEDTARL,DFEDTARU,DFF,IORB,DPCREDIT,SRFTSYD,RRPONTSYAWARD",https://fred.stlouisfed.org/docs/api/fred/,"Target rate/range, EFFR, reserve remuneration, discount rate, SRF and ON RRP rate",Target 1982-2008; range 2008-present; EFFR 1954-present; discount history 1914-present; IOR 2008-present; SRF 2021-present; ON RRP 2013-present,Daily and event-driven,"CSV, JSON, XML, XLSX",CSV no login; API requires free key,Free,No,Direct,High,ALFRED vintages for eligible series,High when ALFRED vintages are used,Series start on different dates and predecessor series must be stitched,Policy-rate history; Macroeconomic indicators,Yes,,2026-08-03
1c,Included,1,Federal Reserve policy-rate history,FRED policy-rate bundle,Federal Reserve Bank of St. Louis,https://fred.stlouisfed.org/series/DFEDTARU,Federal Funds Target Range - Upper Limit,"https://fred.stlouisfed.org/graph/fredgraph.csv?id=DFEDTAR,DFEDTARL,DFEDTARU,DFF,IORB,DPCREDIT,SRFTSYD,RRPONTSYAWARD",https://fred.stlouisfed.org/docs/api/fred/,"Target rate/range, EFFR, reserve remuneration, discount rate, SRF and ON RRP rate",Target 1982-2008; range 2008-present; EFFR 1954-present; discount history 1914-present; IOR 2008-present; SRF 2021-present; ON RRP 2013-present,Daily and event-driven,"CSV, JSON, XML, XLSX",CSV no login; API requires free key,Free,No,Direct,High,ALFRED vintages for eligible series,High when ALFRED vintages are used,Series start on different dates and predecessor series must be stitched,Policy-rate history; Macroeconomic indicators,Yes,,2026-08-03
1d,Included,1,Federal Reserve policy-rate history,FRED policy-rate bundle,Federal Reserve Bank of St. Louis,https://fred.stlouisfed.org/series/DFF,Federal Funds Effective Rate (EFFR),"https://fred.stlouisfed.org/graph/fredgraph.csv?id=DFEDTAR,DFEDTARL,DFEDTARU,DFF,IORB,DPCREDIT,SRFTSYD,RRPONTSYAWARD",https://fred.stlouisfed.org/docs/api/fred/,"Target rate/range, EFFR, reserve remuneration, discount rate, SRF and ON RRP rate",Target 1982-2008; range 2008-present; EFFR 1954-present; discount history 1914-present; IOR 2008-present; SRF 2021-present; ON RRP 2013-present,Daily and event-driven,"CSV, JSON, XML, XLSX",CSV no login; API requires free key,Free,No,Direct,High,ALFRED vintages for eligible series,High when ALFRED vintages are used,Series start on different dates and predecessor series must be stitched,Policy-rate history; Macroeconomic indicators,Yes,,2026-08-03
1e,Included,1,Federal Reserve policy-rate history,FRED policy-rate bundle,Federal Reserve Bank of St. Louis,https://fred.stlouisfed.org/series/IORB,Interest Rate on Reserve Balances,"https://fred.stlouisfed.org/graph/fredgraph.csv?id=DFEDTAR,DFEDTARL,DFEDTARU,DFF,IORB,DPCREDIT,SRFTSYD,RRPONTSYAWARD",https://fred.stlouisfed.org/docs/api/fred/,"Target rate/range, EFFR, reserve remuneration, discount rate, SRF and ON RRP rate",Target 1982-2008; range 2008-present; EFFR 1954-present; discount history 1914-present; IOR 2008-present; SRF 2021-present; ON RRP 2013-present,Daily and event-driven,"CSV, JSON, XML, XLSX",CSV no login; API requires free key,Free,No,Direct,High,ALFRED vintages for eligible series,High when ALFRED vintages are used,Series start on different dates and predecessor series must be stitched,Policy-rate history; Macroeconomic indicators,Yes,,2026-08-03
1f,Included,1,Federal Reserve policy-rate history,FRED policy-rate bundle,Federal Reserve Bank of St. Louis,https://fred.stlouisfed.org/series/DPCREDIT,Discount Window Primary Credit Rate,"https://fred.stlouisfed.org/graph/fredgraph.csv?id=DFEDTAR,DFEDTARL,DFEDTARU,DFF,IORB,DPCREDIT,SRFTSYD,RRPONTSYAWARD",https://fred.stlouisfed.org/docs/api/fred/,"Target rate/range, EFFR, reserve remuneration, discount rate, SRF and ON RRP rate",Target 1982-2008; range 2008-present; EFFR 1954-present; discount history 1914-present; IOR 2008-present; SRF 2021-present; ON RRP 2013-present,Daily and event-driven,"CSV, JSON, XML, XLSX",CSV no login; API requires free key,Free,No,Direct,High,ALFRED vintages for eligible series,High when ALFRED vintages are used,Series start on different dates and predecessor series must be stitched,Policy-rate history; Macroeconomic indicators,Yes,,2026-08-03
1g,Included,1,Federal Reserve policy-rate history,FRED policy-rate bundle,Federal Reserve Bank of St. Louis,https://fred.stlouisfed.org/series/DDISCRT,"Discount Rate (historical series, discontinued 2003)","https://fred.stlouisfed.org/graph/fredgraph.csv?id=DFEDTAR,DFEDTARL,DFEDTARU,DFF,IORB,DPCREDIT,SRFTSYD,RRPONTSYAWARD",https://fred.stlouisfed.org/docs/api/fred/,"Target rate/range, EFFR, reserve remuneration, discount rate, SRF and ON RRP rate",Target 1982-2008; range 2008-present; EFFR 1954-present; discount history 1914-present; IOR 2008-present; SRF 2021-present; ON RRP 2013-present,Daily and event-driven,"CSV, JSON, XML, XLSX",CSV no login; API requires free key,Free,No,Direct,High,ALFRED vintages for eligible series,High when ALFRED vintages are used,Series start on different dates and predecessor series must be stitched,Policy-rate history; Macroeconomic indicators,Yes,,2026-08-03
1h,Included,1,Federal Reserve policy-rate history,FRED policy-rate bundle,Federal Reserve Bank of St. Louis,https://fred.stlouisfed.org/series/SRFTSYD,Standing Repo Facility Award Rate,"https://fred.stlouisfed.org/graph/fredgraph.csv?id=DFEDTAR,DFEDTARL,DFEDTARU,DFF,IORB,DPCREDIT,SRFTSYD,RRPONTSYAWARD",https://fred.stlouisfed.org/docs/api/fred/,"Target rate/range, EFFR, reserve remuneration, discount rate, SRF and ON RRP rate",Target 1982-2008; range 2008-present; EFFR 1954-present; discount history 1914-present; IOR 2008-present; SRF 2021-present; ON RRP 2013-present,Daily and event-driven,"CSV, JSON, XML, XLSX",CSV no login; API requires free key,Free,No,Direct,High,ALFRED vintages for eligible series,High when ALFRED vintages are used,Series start on different dates and predecessor series must be stitched,Policy-rate history; Macroeconomic indicators,Yes,,2026-08-03
1i,Included,1,Federal Reserve policy-rate history,FRED policy-rate bundle,Federal Reserve Bank of St. Louis,https://fred.stlouisfed.org/series/RRPONTSYAWARD,Overnight Reverse Repurchase Agreement Award Rate (ON RRP),"https://fred.stlouisfed.org/graph/fredgraph.csv?id=DFEDTAR,DFEDTARL,DFEDTARU,DFF,IORB,DPCREDIT,SRFTSYD,RRPONTSYAWARD",https://fred.stlouisfed.org/docs/api/fred/,"Target rate/range, EFFR, reserve remuneration, discount rate, SRF and ON RRP rate",Target 1982-2008; range 2008-present; EFFR 1954-present; discount history 1914-present; IOR 2008-present; SRF 2021-present; ON RRP 2013-present,Daily and event-driven,"CSV, JSON, XML, XLSX",CSV no login; API requires free key,Free,No,Direct,High,ALFRED vintages for eligible series,High when ALFRED vintages are used,Series start on different dates and predecessor series must be stitched,Policy-rate history; Macroeconomic indicators,Yes,,2026-08-03
2,Included,1,Federal Reserve policy-rate history,Markets Data API and EFFR,Federal Reserve Bank of New York,https://www.newyorkfed.org/markets/reference-rates/effr,Markets Data API and EFFR,https://markets.newyorkfed.org/api/rates/all/latest.json,https://markets.newyorkfed.org/static/docs/markets-api.html,"EFFR, OBFR, SOFR, BGCR, TGCR, percentiles and volumes",Series-dependent; modern reference-rate histories,Business daily,"JSON, XML, CSV",None,Free,No,Direct,High,Dated observations; no full snapshot archive,Medium,Does not include the FOMC target itself,Policy-rate history,Yes,,2026-08-03
3,Included,1,Federal Reserve policy-rate history,FOMC meeting calendars and decisions,Federal Reserve Board,https://www.federalreserve.gov/monetarypolicy/fomccalendars.htm,FOMC meeting calendars and decisions,https://www.federalreserve.gov/feeds/feeds.htm,,"Scheduled and emergency decisions, statements, implementation notes, votes and named dissents",Current calendar 2021-2027; historical materials to 1936,Event-driven,"HTML, PDF, RSS/XML",None,Free,No,Direct,Medium,Official dated releases retained,High,Requires HTML and PDF parsing,Policy-rate history; FOMC text,Yes,,2026-08-03
4,Included,1,Federal Reserve policy-rate history,FOMC dissent workbook,Federal Reserve Bank of St. Louis,https://www.stlouisfed.org/on-the-economy/2014/september/a-history-of-fomc-dissents,FOMC dissent workbook,https://www.stlouisfed.org/-/media/project/frbstl/stlouisfed/files/excel/fomc_dissents_data.xlsx?hash=F0F9B5EE285AD7B8977AAB646B908BE8&sc_lang=en,,"Dissents by meeting, member type and easier/tighter/other direction",1936-present,After new dissents,XLSX,None,Free,No,Direct page; official binary surfaced,High,Current workbook; no complete version archive,Medium,Not a full affirmative-vote roll call,Policy-rate history,Yes,,2026-08-03
5,Included,2,FOMC documents and communications,FOMC transcripts and historical materials,Federal Reserve Board,https://www.federalreserve.gov/monetarypolicy/fomc_historical.htm,FOMC transcripts and historical materials,https://www.federalreserve.gov/monetarypolicy/fomc_historical_year.htm,,"Statements, minutes, transcripts, Tealbooks, memoranda and SEP material",1936-present; transcripts/Tealbooks released with about five-year lag,Annual and event-driven,"HTML, PDF",None,Free,No,Direct,Medium,Official publication dates retained,High for historical meetings,Older PDFs and OCR require cleaning,FOMC text,No,,2026-08-03
6,Included,2,FOMC documents and communications,Monetary Policy Report archive,Federal Reserve Board,https://www.federalreserve.gov/monetarypolicy/publications/mpr_default.htm,Monetary Policy Report archive,,,"Semiannual reports, charts and congressional testimony",1979-present,Semiannual,"HTML, PDF",None,Free,No,Direct,Medium,Archived editions retained,High,Semi-structured documents,FOMC text,No,,2026-08-03
7,Included,2,FOMC documents and communications,Beige Book archive,Federal Reserve Board,https://www.federalreserve.gov/monetarypolicy/publications/beige-book-default.htm,Beige Book archive,https://www.federalreserve.gov/monetarypolicy/beige-book-archive.htm,,"District qualitative activity, labor, wage and price reports",Board archive principally 1996-present,Eight times per year,"HTML, PDF",None,Free,No,Direct,Medium,Archived releases retained,High,Qualitative text and changing section structure,FOMC text,No,,2026-08-03
8,Included,2,FOMC documents and communications,"Speeches, testimony and RSS",Federal Reserve Board,https://www.federalreserve.gov/newsevents/speeches-testimony.htm,"Speeches, testimony and RSS",https://www.federalreserve.gov/feeds/feeds.htm,,"Governor speeches, congressional testimony and policy remarks",Modern archive plus pre-2006 archive,Event-driven,"HTML, PDF, RSS/XML",None,Free,No,Direct,High,Dated releases retained,High,Does not capture every regional-president appearance,FOMC text,Yes,,2026-08-03
9,Included,2,FOMC documents and communications,FOMC Speak archive,FRASER / Federal Reserve Bank of St. Louis,https://fraser.stlouisfed.org/timeline/fomc-speak-archive,FOMC Speak archive,,,"Speeches, interviews and testimony from governors and Reserve Bank presidents",August 2010-August 2023,Static archive,"HTML, PDF",None,Free,No,Direct,Medium,Archived dated text,High,Curated timeline ended in 2023,FOMC text,No,,2026-08-03
10,Included,2,FOMC documents and communications,FRASER historical archive,Federal Reserve Bank of St. Louis,https://fraser.stlouisfed.org/,FRASER historical archive,,,"Historical Federal Reserve publications, speeches, hearings and policy records",19th century-present holdings,Irregular additions,"HTML, PDF, scanned documents",None,Free,No,Direct,Medium,Historical documents preserved,Medium,Metadata and OCR quality vary,FOMC text,No,,2026-08-03
11,Included,3,Inflation data,BLS price-series files and API,Bureau of Labor Statistics,https://www.bls.gov/data/,BLS price-series files and API,https://download.bls.gov/pub/time.series/cu/; https://download.bls.gov/pub/time.series/wp/; https://download.bls.gov/pub/time.series/ei/,https://www.bls.gov/bls/api_features.htm,"Headline/core CPI, shelter/rent, PPI, import and export prices",CPI/PPI to 1913; import/export mainly 1980s-present,Monthly,"JSON, tab-delimited bulk, XLSX",Basic access without key; free registration for higher limits,Free,No,Direct,High,ALFRED and archived releases provide partial vintages,High with vintages,Seasonal factors and indexes are revised,Macroeconomic indicators,Yes,,2026-08-03
12,Included,3,Inflation data,NIPA and PCE data,Bureau of Economic Analysis,https://www.bea.gov/open-data,NIPA and PCE data,https://apps.bea.gov/api/,https://apps.bea.gov/api/_pdf/bea_web_service_api_user_guide.pdf,"Headline/core PCE prices, GDP deflators, personal income and spending",PCE 1959-present; quarterly GDP 1947-present; annual GDP 1929-present,Monthly and quarterly,"JSON, CSV, XLSX, ZIP",Free API key,Free,No,Direct,High,News archive preserves many original releases,Medium,Main API is revised-data oriented,Macroeconomic indicators,Yes,,2026-08-03
13,Included,3,Inflation data,Median and trimmed-mean CPI,Federal Reserve Bank of Cleveland,https://www.clevelandfed.org/indicators-and-data/median-cpi,Median and trimmed-mean CPI,https://www.clevelandfed.org/indicators-and-data/median-cpi,,"Median CPI, 16% trimmed-mean CPI and component files",Approximately 1983-present,Monthly on CPI release day,"CSV, ZIP, HTML table",None,Free,No,Direct page; official downloads surfaced,High,No formal vintage API,Medium,Underlying CPI revisions flow through,,Yes,,2026-08-03
14,Included,3,Inflation data,Inflation expectations and nowcasting,Federal Reserve Bank of Cleveland,https://www.clevelandfed.org/indicators-and-data/inflation-expectations,Inflation expectations and nowcasting,https://www.clevelandfed.org/indicators-and-data/inflation-nowcasting,,"Expected inflation, real rates, inflation risk premia and CPI/PCE nowcasts",Expectations roughly 1982-present; current nowcasts,Daily or release-driven,"Excel, downloadable tables",None,Free,No,Direct,High,Limited snapshot archive,Medium,Model estimates rather than traded probabilities,,Yes,,2026-08-03
15,Included,3,Inflation data,Sticky-Price CPI,Federal Reserve Bank of Atlanta,https://www.atlantafed.org/research-and-data/data/sticky-price-cpi,Sticky-Price CPI,https://fred.stlouisfed.org/release?rid=313,https://fred.stlouisfed.org/docs/api/fred/,Sticky/flexible CPI and core variants,February 1967-present,Monthly,"CSV, JSON/XML API",Downloads no login; API free key,Free,No,Direct,High,ALFRED vintages may be available,High with ALFRED,Constructed measure inherits CPI revisions,,Yes,,2026-08-03
16,Included,3,Inflation data,Trimmed Mean PCE,Federal Reserve Bank of Dallas,https://www.dallasfed.org/research/pce,Trimmed Mean PCE,https://fred.stlouisfed.org/series/PCETRIM1M158SFRBDAL,https://www.dallasfed.org/research/pce/descr,"One-, six- and twelve-month trimmed-mean PCE inflation",1977-present,Monthly,"HTML, Excel, FRED CSV/API",Free key for FRED API,Free,No,Direct,High,No separate complete vintage database,Medium,Revised with BEA source data,,Yes,,2026-08-03
17,Included,3,Inflation data,Survey of Professional Forecasters,Federal Reserve Bank of Philadelphia,https://www.philadelphiafed.org/surveys-and-data/real-time-data-research/survey-of-professional-forecasters,Survey of Professional Forecasters,https://www.philadelphiafed.org/surveys-and-data/real-time-data-research/inflation-forecasts,,"CPI/PCE, GDP, unemployment and rate forecasts; means, medians and individual responses",1968-present,Quarterly,"XLS, XLSX",None,Free,No,Direct page; official downloads surfaced,High,Forecast rounds retained,High,Survey expectations rather than market pricing,,Yes,,2026-08-03
18,Included,3,Inflation data,Survey of Consumer Expectations,Federal Reserve Bank of New York,https://www.newyorkfed.org/microeconomics/sce,Survey of Consumer Expectations,https://www.newyorkfed.org/medialibrary/interactives/sce/sce/downloads/data/frbny-sce-data.xlsx?sc_lang=en,,"Consumer inflation, labor, income, spending and credit expectations",2013-present,Monthly,"XLSX, web charts",None,Free,No,Direct page; official binary surfaced,High,Historical observations but no complete release-workbook archive,Medium,Consumer survey with relatively short history,,Yes,,2026-08-03
19,Included,4,Labour-market data,BLS labor bulk files and API,Bureau of Labor Statistics,https://www.bls.gov/bls/api_features.htm,BLS labor bulk files and API,https://download.bls.gov/pub/time.series/ce/; https://download.bls.gov/pub/time.series/ln/; https://download.bls.gov/pub/time.series/jl/; https://download.bls.gov/pub/time.series/ci/; https://download.bls.gov/pub/time.series/pr/,https://www.bls.gov/bls/api_features.htm,"Payrolls, U-3/U-6, participation, EPOP, JOLTS, wages, ECI, productivity and ULC",Payroll 1939-present; CPS 1948-present; JOLTS 2000-present; ECI 1975-present; productivity 1947-present,Monthly and quarterly,"JSON, tab-delimited bulk, XLSX",Basic access no key; free registration for higher limits,Free,No,Direct,High,ALFRED and release archives provide partial vintages,High with vintages,"Benchmark, population-control and seasonal revisions are material",Macroeconomic indicators,Yes,,2026-08-03
20,Included,4,Labour-market data,Unemployment Insurance Weekly Claims,U.S. Department of Labor,https://oui.doleta.gov/unemploy/claims.asp,Unemployment Insurance Weekly Claims,https://oui.doleta.gov/unemploy/claims.asp,,Initial/continuing claims and insured unemployment nationally and by state,Approximately 1967-present,Weekly,"HTML, XML, spreadsheet",None,Free,No,Direct,High,Some prior releases retained; no full vintage API,Medium,Holiday and seasonal revisions,,Yes,,2026-08-03
21,Included,4,Labour-market data,Wage Growth Tracker,Federal Reserve Bank of Atlanta,https://www.atlantafed.org/research-and-data/data/wage-growth-tracker,Wage Growth Tracker,https://www.atlantafed.org/research-and-data/data/wage-growth-tracker,,Matched-worker median wage growth by demographic and job traits,Approximately 1997-present,Monthly,Spreadsheet,None,Free,No,Direct page; official download surfaced,High,No full vintage archive,Medium,CPS topcoding and sample-method changes create breaks,,Yes,,2026-08-03
22,Included,5,Growth and economic activity,Economic Indicators Time Series API,U.S. Census Bureau,https://www.census.gov/data/developers/data-sets/economic-indicators.html,Economic Indicators Time Series API,https://api.census.gov/data/timeseries/eits/,https://www.census.gov/data/developers/data-sets/economic-indicators.html,"Retail sales, durable/factory orders, inventories, construction, housing and trade/services","Series-dependent, often 1950s/1990s-present",Monthly,JSON API,No key at modest volume; free key for scale,Free,No,Direct,High,Revision histories inconsistent,Medium,Program-specific schemas and varying coverage,Macroeconomic indicators,Yes,,2026-08-03
23,Included,5,Growth and economic activity,Industrial Production and Capacity Utilization G.17,Federal Reserve Board,https://www.federalreserve.gov/releases/g17/,Industrial Production and Capacity Utilization G.17,https://www.federalreserve.gov/releases/g17/download.htm,,"Industrial production, manufacturing, mining, utilities and capacity utilization",IP 1919-present; capacity mainly 1948-present,Monthly,"CSV, Excel, XML, FRED",None for downloads,Free,No,Direct,High,ALFRED vintages available,High,Annual revisions can be large,,Yes,,2026-08-03
24,Included,5,Growth and economic activity,GDPNow,Federal Reserve Bank of Atlanta,https://www.atlantafed.org/research-and-data/data/gdpnow,GDPNow,https://fred.stlouisfed.org/series/GDPNOW,https://www.atlantafed.org/research-and-data/data/gdpnow/current-and-past-gdpnow-commentaries,Date-stamped real-GDP nowcasts and source-release contributions,Published nowcast history roughly 2014-present,Several times per quarter,"Excel, web, FRED CSV/API",Free key only for FRED API,Free,No,Direct,High,Dated nowcast archive,High,Model/version history must be tracked,Macroeconomic indicators,Yes,,2026-08-03
25,Included,5,Growth and economic activity,Manufacturing Business Outlook Survey,Federal Reserve Bank of Philadelphia,https://www.philadelphiafed.org/surveys-and-data/regional-economic-analysis/manufacturing-business-outlook-survey,Manufacturing Business Outlook Survey,https://www.philadelphiafed.org/surveys-and-data/regional-economic-analysis/manufacturing-business-outlook-survey,,"Activity, orders, shipments, inventories, prices, employment and expectations",May 1968-present,"Monthly, normally 8:30 a.m. ET","CSV, XLS, TXT",None,Free,No,Direct page; official downloads surfaced,High,Release archive retained,High,Regional rather than national PMI,,Yes,,2026-08-03
26,Included,5,Growth and economic activity,Business Leaders Survey,Federal Reserve Bank of New York,https://www.newyorkfed.org/survey/business_leaders/bls_overview,Business Leaders Survey,https://www.newyorkfed.org/survey/business_leaders/bls_overview,,"Regional services activity, employment, wages, prices and expectations",Mid-2000s-present,Monthly,HTML and downloadable chart data,None,Free,No,Direct,Medium,Limited vintage tooling,Medium,Regional coverage,,Yes,,2026-08-03
27,Included,5,Growth and economic activity,ADS Business Conditions Index,Federal Reserve Bank of Philadelphia,https://www.philadelphiafed.org/surveys-and-data/real-time-data-research/ads,ADS Business Conditions Index,https://www.philadelphiafed.org/surveys-and-data/real-time-data-research/ads,,"High-frequency index combining claims, payrolls, IP, income, sales and GDP",Daily estimates back to 1960,After component releases,XLSX including all-vintages file,None,Free,No,Direct page; official downloads surfaced,High,Complete all-vintages file,High,Model index rather than raw observation,Historical vintages,Yes,,2026-08-03
28,Included,5,Growth and economic activity,U.S. recession dates,National Bureau of Economic Research,https://www.nber.org/research/data/us-business-cycle-expansions-and-contractions,U.S. recession dates,https://www.nber.org/research/business-cycle-dating,,Official peak/trough dates and announcement material,1854-present,Irregular,"HTML, PDF",None,Free,No,Direct,Medium,Announcement material retained,Low if backdated dates are used; High if announcement dates are respected,Dates are declared retrospectively,,No,,2026-08-03
29a,Included,5,Growth and economic activity,University of Michigan Consumer Sentiment via FRED,University of Michigan / Federal Reserve Bank of St. Louis,https://fred.stlouisfed.org/series/UMCSENT,University of Michigan: Consumer Sentiment Index,"https://fred.stlouisfed.org/graph/fredgraph.csv?id=UMCSENT,UMCSENT1",https://fred.stlouisfed.org/docs/api/fred/,Consumer sentiment,1952-present across two series,Monthly,"CSV, JSON/XML API",Free FRED API key,Free but copyrighted,No,Direct,High,Limited source-vintage depth,Medium,Current FRED series is delayed one month and copyrighted,,Yes,,2026-08-03
29b,Included,5,Growth and economic activity,University of Michigan Consumer Sentiment via FRED,University of Michigan / Federal Reserve Bank of St. Louis,https://fred.stlouisfed.org/series/UMCSENT1,University of Michigan: Consumer Sentiment Index (alternate/secondary series),"https://fred.stlouisfed.org/graph/fredgraph.csv?id=UMCSENT,UMCSENT1",https://fred.stlouisfed.org/docs/api/fred/,Consumer sentiment,1952-present across two series,Monthly,"CSV, JSON/XML API",Free FRED API key,Free but copyrighted,No,Direct,High,Limited source-vintage depth,Medium,Current FRED series is delayed one month and copyrighted,,Yes,,2026-08-03
30,Included,5,Growth and economic activity,Small Business Economic Trends,National Federation of Independent Business,https://www.nfib.com/news/monthly_report/sbet/,Small Business Economic Trends,https://www.nfib-sbet.org/About.html,,"Small-business optimism, hiring, openings, prices, credit and capex plans",1973-present,Monthly,"HTML, PDF",None for reports,Free reports; full data licensing should be checked,No,Direct,Low,Archived reports,Medium,No dependable free public bulk API,,No,,2026-08-03
31,Included,6,Financial-market data,Daily Treasury rate archives,U.S. Department of the Treasury,https://home.treasury.gov/resource-center/data-chart-center/interest-rates/daily-treasury-rate-archives,Daily Treasury rate archives,https://home.treasury.gov/treasury-daily-interest-rate-xml-feed,https://home.treasury.gov/treasury-daily-interest-rate-xml-feed,"Nominal par yields, bills, TIPS real yields and long-term rates",Nominal 1990-present; real 2003-present,Business daily,"CSV, XML, HTML tables",None,Free,No,Direct,High,Dated observations; no snapshot archive for corrections,High,Par yields are interpolated,,Yes,,2026-08-03
32a,Included,6,Financial-market data,FRED market-series bundle,Federal Reserve Bank of St. Louis,https://fred.stlouisfed.org/series/T10Y2Y,10-Year Treasury Minus 2-Year Treasury Yield Spread,"https://fred.stlouisfed.org/graph/fredgraph.csv?id=T10Y2Y,DFII10,T10YIE,SP500,VIXCLS,BAMLH0A0HYM2,MORTGAGE30US,DTWEXBGS,DCOILWTICO",https://fred.stlouisfed.org/docs/api/fred/,"Yield spreads, TIPS, breakevens, equities, volatility, credit, mortgage rates, dollar and oil",Series-dependent,"Daily, weekly or monthly","CSV, JSON, XML",Free API key,Free,No,Direct,High,ALFRED for eligible series,High with ALFRED,"Licensing, delays and discontinued series vary",Macroeconomic indicators,Yes,,2026-08-03
32b,Included,6,Financial-market data,FRED market-series bundle,Federal Reserve Bank of St. Louis,https://fred.stlouisfed.org/series/DFII10,10-Year Treasury Inflation-Indexed (TIPS) Real Yield,"https://fred.stlouisfed.org/graph/fredgraph.csv?id=T10Y2Y,DFII10,T10YIE,SP500,VIXCLS,BAMLH0A0HYM2,MORTGAGE30US,DTWEXBGS,DCOILWTICO",https://fred.stlouisfed.org/docs/api/fred/,"Yield spreads, TIPS, breakevens, equities, volatility, credit, mortgage rates, dollar and oil",Series-dependent,"Daily, weekly or monthly","CSV, JSON, XML",Free API key,Free,No,Direct,High,ALFRED for eligible series,High with ALFRED,"Licensing, delays and discontinued series vary",Macroeconomic indicators,Yes,,2026-08-03
32c,Included,6,Financial-market data,FRED market-series bundle,Federal Reserve Bank of St. Louis,https://fred.stlouisfed.org/series/T10YIE,10-Year Breakeven Inflation Rate,"https://fred.stlouisfed.org/graph/fredgraph.csv?id=T10Y2Y,DFII10,T10YIE,SP500,VIXCLS,BAMLH0A0HYM2,MORTGAGE30US,DTWEXBGS,DCOILWTICO",https://fred.stlouisfed.org/docs/api/fred/,"Yield spreads, TIPS, breakevens, equities, volatility, credit, mortgage rates, dollar and oil",Series-dependent,"Daily, weekly or monthly","CSV, JSON, XML",Free API key,Free,No,Direct,High,ALFRED for eligible series,High with ALFRED,"Licensing, delays and discontinued series vary",Macroeconomic indicators,Yes,,2026-08-03
32d,Included,6,Financial-market data,FRED market-series bundle,Federal Reserve Bank of St. Louis,https://fred.stlouisfed.org/series/SP500,S&P 500 Index,"https://fred.stlouisfed.org/graph/fredgraph.csv?id=T10Y2Y,DFII10,T10YIE,SP500,VIXCLS,BAMLH0A0HYM2,MORTGAGE30US,DTWEXBGS,DCOILWTICO",https://fred.stlouisfed.org/docs/api/fred/,"Yield spreads, TIPS, breakevens, equities, volatility, credit, mortgage rates, dollar and oil",Series-dependent,"Daily, weekly or monthly","CSV, JSON, XML",Free API key,Free,No,Direct,High,ALFRED for eligible series,High with ALFRED,"Licensing, delays and discontinued series vary",Macroeconomic indicators,Yes,,2026-08-03
32e,Included,6,Financial-market data,FRED market-series bundle,Federal Reserve Bank of St. Louis,https://fred.stlouisfed.org/series/VIXCLS,CBOE Volatility Index (VIX),"https://fred.stlouisfed.org/graph/fredgraph.csv?id=T10Y2Y,DFII10,T10YIE,SP500,VIXCLS,BAMLH0A0HYM2,MORTGAGE30US,DTWEXBGS,DCOILWTICO",https://fred.stlouisfed.org/docs/api/fred/,"Yield spreads, TIPS, breakevens, equities, volatility, credit, mortgage rates, dollar and oil",Series-dependent,"Daily, weekly or monthly","CSV, JSON, XML",Free API key,Free,No,Direct,High,ALFRED for eligible series,High with ALFRED,"Licensing, delays and discontinued series vary",Macroeconomic indicators,Yes,,2026-08-03
32f,Included,6,Financial-market data,FRED market-series bundle,Federal Reserve Bank of St. Louis,https://fred.stlouisfed.org/series/BAMLH0A0HYM2,ICE BofA US High Yield Index Option-Adjusted Spread,"https://fred.stlouisfed.org/graph/fredgraph.csv?id=T10Y2Y,DFII10,T10YIE,SP500,VIXCLS,BAMLH0A0HYM2,MORTGAGE30US,DTWEXBGS,DCOILWTICO",https://fred.stlouisfed.org/docs/api/fred/,"Yield spreads, TIPS, breakevens, equities, volatility, credit, mortgage rates, dollar and oil",Series-dependent,"Daily, weekly or monthly","CSV, JSON, XML",Free API key,Free,No,Direct,High,ALFRED for eligible series,High with ALFRED,"Licensing, delays and discontinued series vary",Macroeconomic indicators,Yes,,2026-08-03
32g,Included,6,Financial-market data,FRED market-series bundle,Federal Reserve Bank of St. Louis,https://fred.stlouisfed.org/series/MORTGAGE30US,30-Year Fixed Rate Mortgage Average,"https://fred.stlouisfed.org/graph/fredgraph.csv?id=T10Y2Y,DFII10,T10YIE,SP500,VIXCLS,BAMLH0A0HYM2,MORTGAGE30US,DTWEXBGS,DCOILWTICO",https://fred.stlouisfed.org/docs/api/fred/,"Yield spreads, TIPS, breakevens, equities, volatility, credit, mortgage rates, dollar and oil",Series-dependent,"Daily, weekly or monthly","CSV, JSON, XML",Free API key,Free,No,Direct,High,ALFRED for eligible series,High with ALFRED,"Licensing, delays and discontinued series vary",Macroeconomic indicators,Yes,,2026-08-03
32h,Included,6,Financial-market data,FRED market-series bundle,Federal Reserve Bank of St. Louis,https://fred.stlouisfed.org/series/DTWEXBGS,"Trade Weighted U.S. Dollar Index: Broad, Goods and Services","https://fred.stlouisfed.org/graph/fredgraph.csv?id=T10Y2Y,DFII10,T10YIE,SP500,VIXCLS,BAMLH0A0HYM2,MORTGAGE30US,DTWEXBGS,DCOILWTICO",https://fred.stlouisfed.org/docs/api/fred/,"Yield spreads, TIPS, breakevens, equities, volatility, credit, mortgage rates, dollar and oil",Series-dependent,"Daily, weekly or monthly","CSV, JSON, XML",Free API key,Free,No,Direct,High,ALFRED for eligible series,High with ALFRED,"Licensing, delays and discontinued series vary",Macroeconomic indicators,Yes,,2026-08-03
32i,Included,6,Financial-market data,FRED market-series bundle,Federal Reserve Bank of St. Louis,https://fred.stlouisfed.org/series/DCOILWTICO,Crude Oil Prices: West Texas Intermediate (WTI),"https://fred.stlouisfed.org/graph/fredgraph.csv?id=T10Y2Y,DFII10,T10YIE,SP500,VIXCLS,BAMLH0A0HYM2,MORTGAGE30US,DTWEXBGS,DCOILWTICO",https://fred.stlouisfed.org/docs/api/fred/,"Yield spreads, TIPS, breakevens, equities, volatility, credit, mortgage rates, dollar and oil",Series-dependent,"Daily, weekly or monthly","CSV, JSON, XML",Free API key,Free,No,Direct,High,ALFRED for eligible series,High with ALFRED,"Licensing, delays and discontinued series vary",Macroeconomic indicators,Yes,,2026-08-03
33,Included,6,Financial-market data,VIX historical data,Cboe Global Markets,https://www.cboe.com/tradable-products/vix/vix-historical-data,VIX historical data,https://cdn.cboe.com/api/global/us_indices/daily_prices/VIX_History.csv,,"Daily VIX open, high, low and close",1990-present,Daily,CSV,None,Free,No,Direct page; CSV surfaced,High,Dated observations; no snapshot archive,High,Equity volatility rather than interest-rate volatility,,Yes,,2026-08-03
34,Included,6,Financial-market data,CME FedWatch,CME Group,https://www.cmegroup.com/markets/interest-rates/cme-fedwatch-tool.html,CME FedWatch,https://www.cmegroup.com/market-data/market-data-api/fedwatch-api.html,https://cmegroupclientsite.atlassian.net/wiki/spaces/EPICSANDBOX/pages/457320466/CME%2BFedWatch%2BAPI,Fed funds futures-implied probabilities for upcoming FOMC target ranges,Current dashboard; historical depth depends on API subscription,Business daily,Web UI; paid REST/JSON API,OAuth for API,Free dashboard; paid API advertised from about $25/month,No,Direct docs; authenticated endpoint not exercised,Low for UI; High for API,Historical end-of-day probabilities on paid tier,High on paid historical tier,Free UI has no supported bulk export,Market-implied probabilities,Yes,,2026-08-03
35,Included,6,Financial-market data,Market Probability Tracker,Federal Reserve Bank of Atlanta,https://www.atlantafed.org/research-and-data/data/market-probability-tracker,Market Probability Tracker,https://www.atlantafed.org/research-and-data/data/market-probability-tracker/what-to-know,,SOFR-options-implied rate distributions,Current and roughly six trailing weeks,Frequent,Interactive webpage,None,Free,No,Direct,Low,Very short displayed history,Medium,No supported bulk API,Market-implied probabilities,No,,2026-08-03
36,Included,6,Financial-market data,Interest-rate probability distributions,Federal Reserve Bank of San Francisco,https://www.frbsf.org/research-and-insights/data-and-indicators/interest-rate-probability-distributions/,Interest-rate probability distributions,https://www.frbsf.org/research-and-insights/data-and-indicators/interest-rate-probability-distributions/,,Derivatives-implied future short-rate distributions at several horizons,Historical workbook; SOFR-based series from 2022,Daily,Excel,None,Free,No,Direct page; official downloads surfaced,High,Dated market observations,High,Method changed from LIBOR to SOFR,Market-implied probabilities,Yes,,2026-08-03
37,Included,6,Financial-market data,Monetary Policy Surprises,Federal Reserve Bank of San Francisco,https://www.frbsf.org/research-and-insights/data-and-indicators/monetary-policy-surprises/,Monetary Policy Surprises,https://www.frbsf.org/research-and-insights/data-and-indicators/monetary-policy-surprises/,,Raw and orthogonalized high-frequency surprises around FOMC announcements,Historical FOMC event sample,Periodically updated,Downloadable data files,None,Free,No,Direct page; downloads surfaced,High,Event-time observations,High,"Surprise measures unexpected news, not expected rate levels",,Yes,,2026-08-03
38,Included,6,Financial-market data,Short-Term Funding Monitor repo data,Office of Financial Research,https://www.financialresearch.gov/short-term-funding-monitor/datasets/repo/,Short-Term Funding Monitor repo data,https://www.financialresearch.gov/short-term-funding-monitor/datasets/repo/,,Tri-party and centrally cleared repo rates and volumes,"Series-dependent, mainly recent 2010s-present",Daily,"CSV, Excel, JSON",None,Free,No,Direct,High,No full revision-vintage archive,High,Coverage and market structure change over time,,Yes,,2026-08-03
39,Included,6,Financial-market data,Short-Term Funding Monitor NY Fed reference rates,Office of Financial Research,https://www.financialresearch.gov/short-term-funding-monitor/datasets/fnyr/,Short-Term Funding Monitor NY Fed reference rates,https://www.financialresearch.gov/short-term-funding-monitor/datasets/fnyr/,,"EFFR, SOFR, OBFR, BGCR and TGCR mirror",Series-dependent,Daily,"CSV, Excel, JSON",None,Free,No,Direct,High,No full snapshot archive,High,Duplicates New York Fed primary data,,Yes,,2026-08-03
40,Included,6,Financial-market data,OFR Financial Stress Index,Office of Financial Research,https://www.financialresearch.gov/financial-stress-index/,OFR Financial Stress Index,https://www.financialresearch.gov/financial-stress-index/,,"Daily stress index using credit, equity, funding, safe-asset and volatility variables",2000-present,Daily with about two-business-day lag,CSV,None,Free,No,Direct,High,No full real-time-vintage history,Medium,Model-composite index,,Yes,,2026-08-03
41,Included,6,Financial-market data,Primary Dealer statistics and surveys,Federal Reserve Bank of New York,https://www.newyorkfed.org/markets/primarydealers,Primary Dealer statistics and surveys,https://www.newyorkfed.org/markets/counterparties/primary-dealers-statistics,,"Dealer positions, transactions, financing and pre-FOMC market-expectation surveys",Weekly statistics 1998-present; survey PDFs 2011-present; data files from 2023,Weekly and pre-FOMC,"Excel, CSV, XML, JSON, PDF",None,Free,No,Direct,High,Dated surveys retained,High,Machine-readable survey files are recent,,Yes,,2026-08-03
42,Included,6,Financial-market data,Primary Mortgage Market Survey,Freddie Mac,https://www.freddiemac.com/pmms/pmms_archives,Primary Mortgage Market Survey,https://www.freddiemac.com/pmms/docs/historicalweeklydata.xlsx,,30-year and 15-year mortgage rates and points,1971-present,Weekly,"XLSX, CSV",None,Free,No,Direct page; official binary surfaced,High,No formal release-vintage archive,High,Survey methodology changed in 2022,,Yes,,2026-08-03
43,Included,6,Financial-market data,EIA Open Data API,U.S. Energy Information Administration,https://www.eia.gov/opendata/documentation.php,EIA Open Data API,https://api.eia.gov/v2/,https://www.eia.gov/opendata/documentation.php,"Crude oil, gasoline, natural gas, electricity and energy supply/prices",Series-dependent; many from 1980s or earlier,"Daily, weekly, monthly",JSON API,Free API key,Free,No,Direct docs; authenticated endpoint not exercised,High,No comprehensive vintage system,Medium,Does not cover gold or non-energy commodities,,Yes,,2026-08-03
44,Included,6,Financial-market data,National Financial Conditions Index,Federal Reserve Bank of Chicago,https://www.chicagofed.org/research/data/nfci/current-data,National Financial Conditions Index,https://fred.stlouisfed.org/series/NFCI,,NFCI and adjusted NFCI,1971-present,Weekly,"XLSX, CSV, FRED API",None for downloads; free key for API,Free,No,Direct,High,ALFRED where available,High with vintages,Re-estimation can revise history,,Yes,,2026-08-03
45,Included,7,Banking and credit conditions,Senior Loan Officer Opinion Survey,Federal Reserve Board,https://www.federalreserve.gov/data/sloos.htm,Senior Loan Officer Opinion Survey,https://fred.stlouisfed.org/categories/32240,,"Lending standards, terms and demand for business, real-estate and consumer loans",Downloadable archive 1997-present,Quarterly plus occasional supplements,"HTML, PDF, XML, FRED",None for downloads,Free,No,Direct,High,Release documents retained,High,Questionnaires and respondent panels change,,Yes,,2026-08-03
46,Included,7,Banking and credit conditions,H.8 Assets and Liabilities of Commercial Banks,Federal Reserve Board,https://www.federalreserve.gov/releases/h8/,H.8 Assets and Liabilities of Commercial Banks,https://fred.stlouisfed.org/release?rid=22,https://www.federalreserve.gov/data/data-download-fred-information.htm,"Bank loans, C&I lending, real estate, consumer loans and deposits",Principally 1970s-present,Weekly,"XML, CSV/Excel, FRED API",None for files; free FRED API key,Free,No,Direct,High,ALFRED for many series,High,Bank-universe and definition breaks,,Yes,,2026-08-03
47,Included,7,Banking and credit conditions,G.19 Consumer Credit,Federal Reserve Board,https://www.federalreserve.gov/releases/g19/,G.19 Consumer Credit,https://fred.stlouisfed.org/release?rid=52,https://www.federalreserve.gov/data/data-download-fred-information.htm,Revolving and nonrevolving consumer credit,1940s-present,Monthly,"XML, CSV/Excel, FRED API",None for files; free API key,Free,No,Direct,High,ALFRED vintages,High,Revisions and seasonal adjustment,,Yes,,2026-08-03
48,Included,7,Banking and credit conditions,Charge-offs and delinquency rates,Federal Reserve Board,https://www.federalreserve.gov/releases/chargeoff/,Charge-offs and delinquency rates,https://www.federalreserve.gov/datadownload/choose.aspx?rel=chgdel,https://www.federalreserve.gov/data/data-download-fred-information.htm,"Credit-card, consumer, C&I and real-estate charge-offs/delinquencies",Mainly 1980s-present,Quarterly,"XML, CSV/Excel, FRED API",None for files,Free,No,Direct,High,ALFRED vintages from later years,High,Quarterly lag and bank-sample changes,,Yes,,2026-08-03
49,Included,7,Banking and credit conditions,Commercial Paper release,Federal Reserve Board,https://www.federalreserve.gov/releases/cp/,Commercial Paper release,https://fred.stlouisfed.org/release?rid=191,https://www.federalreserve.gov/data/data-download-fred-information.htm,Commercial-paper rates and outstanding volumes,1997-present,Daily rates; weekly/monthly outstanding,"XML, CSV/Excel, FRED API",None for files,Free,No,Direct,High,ALFRED for eligible series,High,Market definitions and issuer composition change,,Yes,,2026-08-03
50,Included,7,Banking and credit conditions,H.4.1 Factors Affecting Reserve Balances,Federal Reserve Board,https://www.federalreserve.gov/releases/h41/,H.4.1 Factors Affecting Reserve Balances,https://fred.stlouisfed.org/release?rid=20,https://www.federalreserve.gov/data/data-download-fred-information.htm,"Reserve balances, reverse repos, assets, liabilities and liquidity facilities",Modern detailed history mainly 2002-present,Weekly,"XML, CSV/Excel, FRED API",None for files,Free,No,Direct,High,ALFRED vintages,High,Accounting reclassifications and program changes,,Yes,,2026-08-03
51,Included,7,Banking and credit conditions,H.6 Money Stock Measures,Federal Reserve Board,https://www.federalreserve.gov/releases/h6/,H.6 Money Stock Measures,https://fred.stlouisfed.org/release?rid=21,https://www.federalreserve.gov/data/data-download-fred-information.htm,"M1, M2 and related monetary aggregates",1959-present,Weekly/monthly,"XML, CSV/Excel, FRED API",None for files,Free,No,Direct,High,ALFRED vintages,High,Major definitional break in 2020,,Yes,,2026-08-03
52,Included,7,Banking and credit conditions,BankFind Suite and bank failures,Federal Deposit Insurance Corporation,https://banks.data.fdic.gov/explore/failures,BankFind Suite and bank failures,https://api.fdic.gov/banks/docs; https://banks.data.fdic.gov/bankfind-suite/bulkdata; https://www.fdic.gov/bank-failures/download-data.csv,https://api.fdic.gov/banks/docs,"Institution financials, deposits, call reports and failures",Failures 1934-present; detailed data mainly recent decades,Quarterly and event-driven,"REST JSON, CSV bulk",No key through 2026-09-07; key announced from 2026-09-08,Free,No,Direct,High,Dated failures; call-report revisions possible,High,Entity mapping across mergers requires care,,Yes,,2026-08-03
53,Included,7,Banking and credit conditions,Household Debt and Credit Data Bank,Federal Reserve Bank of New York,https://www.newyorkfed.org/microeconomics/hhdc,Household Debt and Credit Data Bank,https://www.newyorkfed.org/microeconomics/hhdc/background.html,,"Mortgage, student, auto and credit-card balances, originations and delinquencies",1999-present,Quarterly,Excel and downloadable tables,None,Free,No,Direct,High,No full release-vintage archive,Medium,Credit-panel estimates rather than census counts,,Yes,,2026-08-03
54,Included,7,Banking and credit conditions,Small Business Lending Survey,Federal Reserve Bank of Kansas City,https://www.kansascityfed.org/surveys/small-business-lending-survey/,Small Business Lending Survey,https://www.kansascityfed.org/surveys/small-business-lending-survey/,,"Small-business loan balances, demand, approvals, rates and credit quality",Approximately 2016-present,Quarterly,"Excel, PDF",None,Free,No,Direct,High,Archived releases,High,Changing respondent banks and short history,,Yes,,2026-08-03
55,Included,8,Fiscal and Treasury data,Fiscal Data API,U.S. Department of the Treasury,https://fiscaldata.treasury.gov/api-documentation/,Fiscal Data API,https://api.fiscaldata.treasury.gov/services/api/fiscal_service/v1/accounting/mts/mts_table_1; https://api.fiscaldata.treasury.gov/services/api/fiscal_service/v2/accounting/od/debt_to_penny,https://fiscaldata.treasury.gov/api-documentation/,"Receipts, outlays, deficits, cash operations, borrowing and debt",Debt 1993-present; table coverage varies,Daily and monthly,"REST JSON, CSV",None,Free,No,Direct,High,Publication dates retained; revision treatment varies,High,Digitized history differs by table,Fiscal data,Yes,,2026-08-03
56,Included,8,Fiscal and Treasury data,Auction announcements and results,TreasuryDirect,https://www.treasurydirect.gov/auctions/announcements-data-results/,Auction announcements and results,https://www.treasurydirect.gov/webapis/webapisindex.htm,https://www.treasurydirect.gov/webapis/webapisindex.htm,"Security terms, offering amounts, auction dates, bids, awards and yields","Searchable modern history, approximately 1979-present",Event-driven,"JSON, XML, HTML tables",None,Free,No,Direct,High,Announcement/result dates retained,High,Endpoint schemas must be joined,,Yes,,2026-08-03
57,Included,8,Fiscal and Treasury data,Quarterly Refunding archive,U.S. Department of the Treasury,https://home.treasury.gov/policy-issues/financing-the-government/quarterly-refunding,Quarterly Refunding archive,https://home.treasury.gov/policy-issues/financing-the-government/quarterly-refunding,,"Borrowing estimates, issuance plans, statements and TBAC presentations",Extensive 2000s-present archive,Quarterly,"HTML, PDF, some Excel",None,Free,No,Direct,Medium,Dated official documents,High,Mostly semi-structured,,Yes,,2026-08-03
58,Included,8,Fiscal and Treasury data,USAspending API and bulk archive,U.S. Department of the Treasury,https://api.usaspending.gov/,USAspending API and bulk archive,https://www.usaspending.gov/download_center/award_data_archive,https://api.usaspending.gov/,"Federal awards, obligations, outlays and agency/program spending",Generally FY2008-present,Nightly and monthly bulk,"REST JSON, zipped CSV",None,Free,No,Direct,High,Monthly bulk archives,Medium,Not a substitute for receipts or unified-budget deficits,,Yes,,2026-08-03
59,Included,8,Fiscal and Treasury data,Budget and Economic Data,Congressional Budget Office,https://www.cbo.gov/data/budget-economic-data,Budget and Economic Data,https://www.cbo.gov/data/budget-economic-data,,"Historical receipts, outlays, deficits and dated baseline projections",Budget mainly 1962-present; economic history around 1949-present,Periodic,"XLSX, CSV, PDF",None,Free,No,Direct,High,Publication vintages retained,High,Definitions and forecast tables vary between baselines,,Yes,,2026-08-03
60,Included,8,Fiscal and Treasury data,Congress.gov API,Library of Congress,https://api.congress.gov/,Congress.gov API,https://api.congress.gov/,https://github.com/LibraryOfCongress/api.congress.gov/,"Bills, laws, amendments, actions and texts for stimulus, taxes, tariffs, debt ceilings and shutdown funding",Complete modern coverage principally 1973-present; older partial,Frequent,"REST JSON, XML","Free API key; 5,000 requests/hour",Free,No,Direct docs; authenticated endpoint not exercised,High,Action timestamps retained,High,Requires policy-specific search and classification,,Yes,,2026-08-03
61,Included,8,Fiscal and Treasury data,Federal Register API,National Archives / Government Publishing Office,https://www.federalregister.gov/developers/documentation/api/v1,Federal Register API,https://www.federalregister.gov/api/v1/,https://www.federalregister.gov/developers/documentation/api/v1,"Rules, notices, executive documents and proclamations for tariff/tax implementation dates",Approximately 1994-present,Daily,REST JSON,None,Free,Unclear for HTML; official API intended for automation,Documentation page triggered bot gate; official API documented,High via API,Dated documents retained,High,Requires search/classification; avoid CAPTCHA-protected HTML,,Yes,,2026-08-03
62,Included,8,Fiscal and Treasury data,Treasury debt-limit archive,U.S. Department of the Treasury,https://home.treasury.gov/policy-issues/financial-markets-financial-institutions-and-fiscal-service/debt-limit,Treasury debt-limit archive,,,Debt-limit episodes and extraordinary-measure letters,Archive varies by episode,Event-driven,"HTML, PDF",None,Free,No,Direct,Medium,Dated official letters,High,No canonical current CSV,,No,,2026-08-03
63,Included,8,Fiscal and Treasury data,Shutdowns and lapses in appropriations,U.S. Government Accountability Office,https://www.gao.gov/legal/appropriations-law/lapses-in-appropriations,Shutdowns and lapses in appropriations,,,Federal shutdown dates and durations,Full-day lapses FY1977-FY2019 on cited table,Irregular,"HTML, PDF",None,Free,No,Direct,Medium,Dated official records,High,Table is not a maintained machine-readable CSV,,No,,2026-08-03
64,Included,9,Real-time and vintage data,ALFRED and FRED vintage API,Federal Reserve Bank of St. Louis,https://alfred.stlouisfed.org/,ALFRED and FRED vintage API,https://fred.stlouisfed.org/docs/api/fred/series_vintagedates.html,https://fred.stlouisfed.org/docs/api/fred/,Original and revised observations indexed by real-time dates,Vintage depth varies; many releases from 1990s onward,Source-dependent,"JSON, XML, CSV",Free FRED API key,Free,No,Direct,High,Extensive source vintages,High,Some series lack early vintages,Historical vintages,Yes,,2026-08-03
65,Included,9,Real-time and vintage data,Real-Time Data Set for Macroeconomists,Federal Reserve Bank of Philadelphia,https://www.philadelphiafed.org/surveys-and-data/real-time-data-research/real-time-data-set-for-macroeconomists,Real-Time Data Set for Macroeconomists,https://www.philadelphiafed.org/surveys-and-data/real-time-data-research/real-time-data-set-full-time-series-history,,Complete vintages and first/second/third releases for major macro variables,Vintages from mid-1960s onward,Monthly,"XLS, XLSX",None,Free,No,Direct page; downloads surfaced,High,Complete real-time vintages for covered variables,High,Smaller variable universe than FRED,Historical vintages,Yes,,2026-08-03
66,Included,9,Real-time and vintage data,Tealbook and Greenbook data sets,Federal Reserve Bank of Philadelphia,https://www.philadelphiafed.org/surveys-and-data/real-time-data-research/greenbook,Tealbook and Greenbook data sets,https://www.philadelphiafed.org/surveys-and-data/real-time-data-research/philadelphia-data-set; https://www.philadelphiafed.org/surveys-and-data/real-time-data-research/pdf-data-set,,"Staff forecasts, financial assumptions, historical values and meeting projections",Approximately 1966-latest declassified year,Annual with five-year embargo,"XLSX, PDF",None,Free,No,Direct page; downloads surfaced,High,Historical meeting-time projections,High for historical research,Five-year disclosure lag prevents current use,Historical vintages,Yes,,2026-08-03
67,Included,9,Real-time and vintage data,FRED-MD and FRED-QD,Federal Reserve Bank of St. Louis,https://www.stlouisfed.org/research/economists/mccracken/fred-databases,FRED-MD and FRED-QD,https://www.stlouisfed.org/-/media/project/frbstl/stlouisfed/research/fred-md/historical_fred-md.zip?hash=8A23C5FAF7A0D743A353D77DF4704028&sc_lang=en,,Large monthly/quarterly macro panels and archived snapshots,Underlying data mainly 1959-present; MD vintages 1999-present; QD vintages 2018-present,Monthly,"CSV, ZIP",None,Free,No,Direct page; binary surfaced,High,Historical dataset snapshots,High,Some legacy ZIP links on hub currently return 404,Historical vintages,Yes,,2026-08-03
68,Included,9,Real-time and vintage data,Real-time R-star estimates,Federal Reserve Bank of New York,https://www.newyorkfed.org/research/policy/rstar,Real-time R-star estimates,https://www.newyorkfed.org/research/policy/rstar,,Laubach-Williams and Holston-Laubach-Williams current and real-time estimates,Long quarterly history,Quarterly,"Excel, code ZIP",None,Free,No,Direct page; downloads surfaced,High,Real-time estimate workbooks,High,Model- and parameter-dependent,Historical vintages,Yes,,2026-08-03
69,Included,10,Economic calendars and release archives,BLS release calendar and annual archives,Bureau of Labor Statistics,https://www.bls.gov/schedule/,BLS release calendar and annual archives,https://www.bls.gov/schedule/2026/home.htm; https://www.bls.gov/schedule/news_release/empsit.htm,,Exact ET release dates/times for major BLS releases,Annual archived calendars,Continuously maintained,HTML and calendar subscription,None,Free,No,Direct,Medium,Archived schedules,High,No consensus forecasts or actual values in calendar,Economic-release timestamps,Yes,,2026-08-03
70,Included,10,Economic calendars and release archives,BEA release schedule and news archive,Bureau of Economic Analysis,https://www.bea.gov/news/schedule,BEA release schedule and news archive,https://www.bea.gov/news/archive,,Exact release dates/times and archived GDP/PCE/income/trade releases,Extensive modern archive,Per release,"HTML, PDF, XLSX",None,Free,No,Direct,Medium,Archived releases preserve many original values,High,No market consensus forecasts,Economic-release timestamps,Yes,,2026-08-03
71,Included,10,Economic calendars and release archives,FRED release-dates API,Federal Reserve Bank of St. Louis,https://fred.stlouisfed.org/docs/api/fred/releases_dates.html,FRED release-dates API,https://api.stlouisfed.org/fred/releases/dates,https://fred.stlouisfed.org/docs/api/fred/,Historical and forthcoming release dates linked to FRED releases,Varies by release,Daily,"JSON, XML",Free API key,Free,No,Direct docs; authenticated endpoint not exercised,High,Historical dates retained,Medium,Usually no exact intraday timestamp or consensus,Economic-release timestamps,Yes,,2026-08-03
72,Included,10,Economic calendars and release archives,Economic Calendar and Point-in-Time API,Trading Economics,https://tradingeconomics.com/api/calendar.aspx,Economic Calendar and Point-in-Time API,https://api.tradingeconomics.com/calendar,https://docs.tradingeconomics.com/economic_calendar/point-in-time/; https://docs.tradingeconomics.com/economic_calendar/streaming/,"Release timestamp, actual, consensus, previous and revisions",Broad historical and current calendar,Real-time,"JSON, CSV, HTML, streaming",API credentials,Limited guest access; meaningful history/PIT paid,No on documentation,Direct docs; authenticated endpoint not exercised,High,Point-in-time calendar available on paid tier,High on PIT tier,Licensing cost and opaque consensus methodology,,Yes,,2026-08-03
73,Included,10,Economic calendars and release archives,Economics Calendar API,Financial Modeling Prep,https://site.financialmodelingprep.com/developer/docs/stable/economics-calendar,Economics Calendar API,https://financialmodelingprep.com/stable/economic-calendar,https://site.financialmodelingprep.com/developer/docs/stable/economics-calendar,"Release time, actual, estimate and previous values",Current and historical depth depends on plan,Frequent,REST JSON,API key,Freemium; fuller history paid,No,Direct docs; authenticated endpoint not exercised,High,No robust published revision-vintage model,Medium,Plan limits and consensus provenance,,Yes,,2026-08-03
74,Included,11,Academic and open-source datasets,FOMC hawkish-dovish dataset,Georgia Tech Financial Services Innovation Lab,https://github.com/gtfintechlab/fomc-hawkish-dovish,FOMC hawkish-dovish dataset,https://huggingface.co/datasets/gtfintechlab/fomc_communication,,"Tokenized and annotated speeches, minutes and press conferences with hawkish/dovish labels",Repository-defined historical corpus,Irregular,"Git, Hugging Face files/API",None for public files,Free,No,Direct,High,Corpus publication versions,Medium,Research labels are not official; inspect splits/licensing,,Yes,,2026-08-03
75,Included,11,Academic and open-source datasets,FedNLP dataset,University of Sydney NLP,https://github.com/usydnlp/FedNLP,FedNLP dataset,https://github.com/usydnlp/FedNLP,,"FOMC documents, member speeches and rate-movement prediction examples",January 2015-July 2020,Static,"Pickle, text, code",None for public files,Free,No,Direct,High,Static corpus,Medium,Short and dated sample,,Yes,,2026-08-03
76,Included,11,Academic and open-source datasets,FOMC statements and minutes aggregator,vtasca,https://github.com/vtasca/fed-statement-scraping,FOMC statements and minutes aggregator,https://github.com/vtasca/fed-statement-scraping,,Automatically collected FOMC statements and minutes,Modern FOMC web archive,Scheduled updates,"Git files, Python, GitHub Actions",None for public files,Free,No,Direct,High,Git commit history,Medium,Unofficial scraper sensitive to upstream HTML changes,,Yes,,2026-08-03
77,Included,11,Academic and open-source datasets,Monetary-policy surprise replication index,MPsurprise / Paul Bousquet,https://github.com/paulbousquet/MPsurprise,Monetary-policy surprise replication index,https://github.com/paulbousquet/MPsurprise,,"Links, replications and consolidated monetary-policy shock series",Study-dependent,Irregular,"Git, R, Stata, Matlab, CSV links",None for public files,Free,No,Direct,Medium,Repository versions,Medium,Aggregator rather than one harmonized live dataset,,Yes,,2026-08-03
78,Included,11,Academic and open-source datasets,Jarocinski-Karadi shock updates,Marek Jarocinski,https://github.com/marekjarocinski/jkshocks_update_fed,Jarocinski-Karadi shock updates,https://github.com/marekjarocinski/jkshocks_update_fed,,Policy-surprise and central-bank-information shocks from short-rate derivatives,Historical FOMC event sample,Research updates,CSV and code,None for public files,Free,No,Direct,High,Git versions and event timestamps,High,Methodology and contract availability determine coverage,,Yes,,2026-08-03
79,Excluded,0,Sources to avoid,Investing.com economic calendar,Investing.com,https://www.investing.com/economic-calendar/,Investing.com economic calendar,,,Economic calendar,Varies,Real-time,Dynamic HTML/JavaScript,Browser access,Free webpage,Unclear,Inferred from access behavior and lack of supported API,Low,No dependable PIT archive,Low,No supported public calendar API,,No,Browser-oriented access and automation terms make scraping unsuitable,2026-08-03
80,Excluded,0,Sources to avoid,TradingView economic calendar,TradingView,https://www.tradingview.com/economic-calendar/,TradingView economic calendar,,,Economic calendar,Varies,Real-time,Dynamic JavaScript,Browser access,Free webpage,Unclear,Inferred,Low,No dependable bulk vintage history,Low,No dependable free bulk endpoint,,No,Browser-oriented interface without supported bulk calendar API,2026-08-03
81,Excluded,0,Sources to avoid,Macrotrends,Macrotrends LLC,https://www.macrotrends.net/,Macrotrends,,,Historical macro and market charts,Varies,Varies,HTML,Browser access,Free webpage,Unclear,Inferred,Low,No formal vintage archive,Low,No supported API and unstable HTML,,No,Automated retrieval is frequently challenged; unclear redistribution rights,2026-08-03
82,Excluded,0,Sources to avoid,Yahoo Finance,Yahoo,https://finance.yahoo.com/,Yahoo Finance,,,Market prices and financial data,Varies,Daily/intraday,Web and unofficial endpoints,Cookies/tokens may be required,Free webpage,Unclear,Direct page only,Low,No official PIT archive,Low,Unofficial endpoints and schemas can change,,No,No official general-purpose public API,2026-08-03
83,Excluded,0,Sources to avoid,Nasdaq Data Link CHRIS continuous futures,Nasdaq Data Link,https://data.nasdaq.com/data/CHRIS,Nasdaq Data Link CHRIS continuous futures,,,Continuous futures histories,Varies,Varies,CSV/API,Account/API key,Mixed,No,Direct page,Medium,No reliable current snapshots for deprecated feeds,Low,Several continuous-futures feeds are deprecated or stale,,No,Not suitable as the sole current Fed-futures source,2026-08-03
84,Excluded,0,Sources to avoid,ISM Report on Business,Institute for Supply Management,https://www.ismworld.org/supply-management-news-and-reports/reports/ism-report-on-business/,ISM Report on Business,,,Manufacturing and services PMIs,Long history,Monthly,HTML/PDF and licensed data,Paid for full history,Paid/licensed,No,Direct page,Low,No free PIT bulk archive,Low,No free supported API,,No,Full history and redistribution are proprietary,2026-08-03
85,Excluded,0,Sources to avoid,Consumer Confidence,The Conference Board,https://www.conference-board.org/topics/consumer-confidence,Consumer Confidence,,,Consumer Confidence Index,Long history,Monthly,Web and licensed downloads,Subscription,Paid/licensed,No,Direct page,Low,Paid archive,Low,Public pages are not a stable bulk source,,No,Full historical dataset is licensed,2026-08-03
86,Excluded,0,Sources to avoid,Consensus forecast data,Consensus Economics,https://www.consensuseconomics.com/,Consensus forecast data,,,Economic consensus forecasts,Long history,Monthly/weekly products,Licensed files,Subscription,Paid,No,Direct page,Low,Paid vintage products,High if licensed,Institutional licensing,,No,Costly paid product with redistribution restrictions,2026-08-03
87,Excluded,0,Sources to avoid,Econoday economic calendar,Econoday,https://www.econoday.com/,Econoday economic calendar,,,"Economic calendar, consensus and commentary",Long history,Real-time,Web and enterprise feeds,Enterprise contract,Paid,Unclear,Direct page only,Low,Enterprise only,Medium,No transparent self-service bulk terms,,No,Historical calendar/API access is enterprise-oriented,2026-08-03
88,Excluded,0,Sources to avoid,Bloomberg Terminal data,Bloomberg,https://www.bloomberg.com/professional/products/bloomberg-terminal/,Bloomberg Terminal data,,,"Comprehensive macro, market and consensus data",Extensive,Real-time,Terminal and licensed APIs,Enterprise authentication,Paid enterprise,No,Inferred from product terms,High if licensed,Strong paid history,High if licensed,High cost and restrictive redistribution,,No,Costly enterprise subscription,2026-08-03
89,Excluded,0,Sources to avoid,LSEG Workspace and Datastream,LSEG,https://www.lseg.com/en/data-analytics/products/workspace,LSEG Workspace and Datastream,,,"Comprehensive market, macro and consensus data",Extensive,Real-time,Desktop and licensed APIs,Enterprise authentication,Paid enterprise,No,Inferred from product terms,High if licensed,Strong paid history,High if licensed,High cost and licensing restrictions,,No,Costly enterprise subscription,2026-08-03
90,Excluded,0,Sources to avoid,Federal Reserve legacy DDP Build Your Package,Federal Reserve Board,https://www.federalreserve.gov/data/data-download-fred-information.htm,Federal Reserve legacy DDP Build Your Package,,,Legacy statistical-release downloads,Varies,Being retired,Legacy DDP,None,Free,No,Direct,Low,Varies,Low,Scheduled for retirement,,No,Use FRED downloads/API and official crosswalk instead,2026-08-03
